[{
  "_id": {
    "$oid": "6554937856615728382f683a"
  },
  "name": "Alice",
  "age": 30,
  "email": "alice@example.com"
},
{
  "_id": {
    "$oid": "6554937856615728382f683b"
  },
  "name": "Bob",
  "age": 35,
  "email": "bob@example.com"
},
{
  "_id": {
    "$oid": "6554937856615728382f683c"
  },
  "name": "Charlie",
  "age": 40,
  "email": "charlie@example.com"
},
{
  "_id": {
    "$oid": "6554937856615728382f683d"
  },
  "name": "Dave",
  "age": 45,
  "email": "dave@example.com"
},
{
  "_id": {
    "$oid": "6554937856615728382f683e"
  },
  "name": "Eve",
  "age": 50,
  "email": "eve@example.com"
}]