[{
  "_id": {
    "$oid": "674fcf0eeae2022e4be035a7"
  },
  "title": "Tes Awal Minggu 5",
  "createdAt": "2021-09-28T00:00:00.000Z",
  "responses": 0
},
{
  "_id": {
    "$oid": "674fcf0eeae2022e4be035a8"
  },
  "title": "Tes Awal Minggu 6",
  "createdAt": "2021-09-28T00:00:00.000Z",
  "responses": 0
},
{
  "_id": {
    "$oid": "674fcf0eeae2022e4be035a9"
  },
  "title": "Tes Awal Minggu 7",
  "createdAt": "2021-09-29T00:00:00.000Z",
  "responses": 0
},
{
  "_id": {
    "$oid": "674fcf0eeae2022e4be035aa"
  },
  "title": "Tes Akhir",
  "createdAt": "2021-09-29T00:00:00.000Z",
  "responses": 0
},
{
  "_id": {
    "$oid": "674fcf7159aabd21d5da35b8"
  },
  "title": "Tugas Akhir Dummy",
  "description": "ini test ",
  "responses": 0,
  "createdAt": {
    "$date": "2024-12-04T03:41:37.843Z"
  },
  "__v": 0
}]